data_id,energy_type,market_type,power_type,data_time,price_value,elec_value,data_source,create_time,update_time
1,光伏,非全量入市,常规电量,2024-01-01,665.76,649.34,电网统计,2025-04-16 13:23:08,2025-04-16 13:23:08
2,光伏,全量入市,绿电电量,2024-01-02,227.17,223.45,电网统计,2025-04-16 13:23:08,2025-04-16 13:23:08
3,储能,,常规电量,2024-01-03,474.43,957.88,企业上报,2025-04-16 13:23:08,2025-04-16 13:23:08
4,风电,全量入市,绿电电量,2024-01-04,318.91,989.06,电网统计,2025-04-16 13:23:08,2025-04-16 13:23:08
5,风电,全量入市,常规电量,2024-01-05,263.51,999.23,电网统计,2025-04-16 13:23:08,2025-04-16 13:23:08
6,储能,,常规电量,2024-01-06,799.97,757.11,电网统计,2025-04-16 13:23:08,2025-04-16 13:23:08
7,风电,非全量入市,绿电电量,2024-01-07,371.45,443.12,电网统计,2025-04-16 13:23:08,2025-04-16 13:23:08
8,储能,,绿电电量,2024-01-08,705.32,883.75,企业上报,2025-04-16 13:23:08,2025-04-16 13:23:08
9,风电,非全量入市,常规电量,2024-01-09,684.42,473.71,电网统计,2025-04-16 13:23:08,2025-04-16 13:23:08
10,储能,,绿电电量,2024-01-10,656.0,801.49,企业上报,2025-04-16 13:23:08,2025-04-16 13:23:08
11,风电,非全量入市,常规电量,2024-01-11,527.04,280.47,电网统计,2025-04-16 13:23:08,2025-04-16 13:23:08
12,储能,,常规电量,2024-01-12,494.15,683.82,电网统计,2025-04-16 13:23:08,2025-04-16 13:23:08
13,储能,,绿电电量,2024-01-13,629.65,551.95,电网统计,2025-04-16 13:23:08,2025-04-16 13:23:08
14,风电,非全量入市,常规电量,2024-01-14,796.78,867.6,企业上报,2025-04-16 13:23:08,2025-04-16 13:23:08
15,光伏,全量入市,常规电量,2024-01-15,395.88,631.13,电网统计,2025-04-16 13:23:08,2025-04-16 13:23:08
16,光伏,全量入市,绿电电量,2024-01-16,524.03,459.95,企业上报,2025-04-16 13:23:08,2025-04-16 13:23:08
17,储能,,常规电量,2024-01-17,267.89,456.85,企业上报,2025-04-16 13:23:08,2025-04-16 13:23:08
18,储能,,常规电量,2024-01-18,493.2,929.37,电网统计,2025-04-16 13:23:08,2025-04-16 13:23:08
19,光伏,全量入市,绿电电量,2024-01-19,758.49,125.73,电网统计,2025-04-16 13:23:08,2025-04-16 13:23:08
20,储能,,常规电量,2024-01-20,386.68,408.74,企业上报,2025-04-16 13:23:08,2025-04-16 13:23:08
21,风电,全量入市,绿电电量,2024-01-21,395.46,333.37,电网统计,2025-04-16 13:23:08,2025-04-16 13:23:08
22,储能,,绿电电量,2024-01-22,710.17,969.94,企业上报,2025-04-16 13:23:08,2025-04-16 13:23:08
23,光伏,非全量入市,常规电量,2024-01-23,537.55,707.69,企业上报,2025-04-16 13:23:08,2025-04-16 13:23:08
24,储能,,常规电量,2024-01-24,283.1,640.17,企业上报,2025-04-16 13:23:08,2025-04-16 13:23:08
25,光伏,全量入市,常规电量,2024-01-25,424.16,674.05,电网统计,2025-04-16 13:23:08,2025-04-16 13:23:08
26,光伏,全量入市,常规电量,2024-01-26,690.24,483.24,电网统计,2025-04-16 13:23:08,2025-04-16 13:23:08
27,光伏,全量入市,常规电量,2024-01-27,576.05,144.85,电网统计,2025-04-16 13:23:08,2025-04-16 13:23:08
28,储能,,绿电电量,2024-01-28,206.06,126.19,企业上报,2025-04-16 13:23:08,2025-04-16 13:23:08
29,储能,,常规电量,2024-01-29,313.92,830.16,电网统计,2025-04-16 13:23:08,2025-04-16 13:23:08
30,储能,,绿电电量,2024-01-30,379.26,231.68,电网统计,2025-04-16 13:23:08,2025-04-16 13:23:08
31,储能,,常规电量,2024-01-31,676.45,895.52,企业上报,2025-04-16 13:23:08,2025-04-16 13:23:08
32,储能,,绿电电量,2024-02-01,585.73,845.24,企业上报,2025-04-16 13:23:08,2025-04-16 13:23:08
33,风电,全量入市,绿电电量,2024-02-02,322.3,175.97,电网统计,2025-04-16 13:23:08,2025-04-16 13:23:08
34,光伏,非全量入市,绿电电量,2024-02-03,430.27,242.01,企业上报,2025-04-16 13:23:08,2025-04-16 13:23:08
35,风电,全量入市,常规电量,2024-02-04,523.71,448.78,企业上报,2025-04-16 13:23:08,2025-04-16 13:23:08
36,储能,,绿电电量,2024-02-05,578.48,472.89,电网统计,2025-04-16 13:23:08,2025-04-16 13:23:08
37,光伏,全量入市,绿电电量,2024-02-06,443.32,981.64,企业上报,2025-04-16 13:23:08,2025-04-16 13:23:08
38,风电,非全量入市,绿电电量,2024-02-07,557.82,848.86,电网统计,2025-04-16 13:23:08,2025-04-16 13:23:08
39,储能,,常规电量,2024-02-08,708.75,242.5,企业上报,2025-04-16 13:23:08,2025-04-16 13:23:08
40,风电,非全量入市,绿电电量,2024-02-09,344.03,966.33,电网统计,2025-04-16 13:23:08,2025-04-16 13:23:08
41,风电,非全量入市,绿电电量,2024-02-10,319.84,799.82,企业上报,2025-04-16 13:23:08,2025-04-16 13:23:08
42,储能,,绿电电量,2024-02-11,259.15,621.33,电网统计,2025-04-16 13:23:08,2025-04-16 13:23:08
43,风电,全量入市,绿电电量,2024-02-12,386.12,263.01,企业上报,2025-04-16 13:23:08,2025-04-16 13:23:08
44,风电,非全量入市,常规电量,2024-02-13,224.16,391.3,电网统计,2025-04-16 13:23:08,2025-04-16 13:23:08
45,储能,,常规电量,2024-02-14,625.7,795.14,企业上报,2025-04-16 13:23:08,2025-04-16 13:23:08
46,储能,,常规电量,2024-02-15,469.14,544.9,电网统计,2025-04-16 13:23:08,2025-04-16 13:23:08
47,风电,非全量入市,常规电量,2024-02-16,459.64,460.36,企业上报,2025-04-16 13:23:08,2025-04-16 13:23:08
48,光伏,全量入市,常规电量,2024-02-17,432.82,259.84,电网统计,2025-04-16 13:23:08,2025-04-16 13:23:08
49,光伏,非全量入市,绿电电量,2024-02-18,357.28,414.53,企业上报,2025-04-16 13:23:08,2025-04-16 13:23:08
50,风电,非全量入市,常规电量,2024-02-19,689.7,872.46,企业上报,2025-04-16 13:23:08,2025-04-16 13:23:08
51,光伏,非全量入市,常规电量,2024-02-20,506.37,684.49,企业上报,2025-04-16 13:23:08,2025-04-16 13:23:08
52,储能,,常规电量,2024-02-21,297.25,689.56,电网统计,2025-04-16 13:23:08,2025-04-16 13:23:08
53,储能,,常规电量,2024-02-22,778.67,670.42,电网统计,2025-04-16 13:23:08,2025-04-16 13:23:08
54,储能,,常规电量,2024-02-23,502.72,616.39,企业上报,2025-04-16 13:23:08,2025-04-16 13:23:08
55,光伏,非全量入市,常规电量,2024-02-24,740.77,960.5,电网统计,2025-04-16 13:23:08,2025-04-16 13:23:08
56,风电,全量入市,绿电电量,2024-02-25,729.94,132.1,企业上报,2025-04-16 13:23:08,2025-04-16 13:23:08
57,光伏,非全量入市,常规电量,2024-02-26,487.56,421.95,电网统计,2025-04-16 13:23:08,2025-04-16 13:23:08
58,储能,,绿电电量,2024-02-27,567.01,293.83,企业上报,2025-04-16 13:23:08,2025-04-16 13:23:08
59,风电,非全量入市,绿电电量,2024-02-28,641.65,478.52,企业上报,2025-04-16 13:23:08,2025-04-16 13:23:08
60,储能,,绿电电量,2024-02-29,260.15,266.94,企业上报,2025-04-16 13:23:08,2025-04-16 13:23:08
61,光伏,非全量入市,常规电量,2024-03-01,489.04,925.24,企业上报,2025-04-16 13:23:08,2025-04-16 13:23:08
62,储能,,绿电电量,2024-03-02,337.03,219.89,电网统计,2025-04-16 13:23:08,2025-04-16 13:23:08
63,储能,,常规电量,2024-03-03,574.76,426.87,电网统计,2025-04-16 13:23:08,2025-04-16 13:23:08
64,储能,,常规电量,2024-03-04,448.93,817.78,电网统计,2025-04-16 13:23:08,2025-04-16 13:23:08
65,光伏,非全量入市,绿电电量,2024-03-05,375.75,407.66,电网统计,2025-04-16 13:23:08,2025-04-16 13:23:08
66,储能,,常规电量,2024-03-06,662.5,238.5,企业上报,2025-04-16 13:23:08,2025-04-16 13:23:08
67,储能,,常规电量,2024-03-07,438.08,939.93,企业上报,2025-04-16 13:23:08,2025-04-16 13:23:08
68,储能,,绿电电量,2024-03-08,200.13,309.37,电网统计,2025-04-16 13:23:08,2025-04-16 13:23:08
69,光伏,非全量入市,绿电电量,2024-03-09,244.79,917.6,企业上报,2025-04-16 13:23:08,2025-04-16 13:23:08
70,光伏,非全量入市,绿电电量,2024-03-10,725.44,214.3,电网统计,2025-04-16 13:23:08,2025-04-16 13:23:08
71,光伏,全量入市,常规电量,2024-03-11,309.48,179.99,电网统计,2025-04-16 13:23:08,2025-04-16 13:23:08
72,风电,全量入市,常规电量,2024-03-12,435.84,949.68,企业上报,2025-04-16 13:23:08,2025-04-16 13:23:08
73,储能,,绿电电量,2024-03-13,727.41,876.59,企业上报,2025-04-16 13:23:08,2025-04-16 13:23:08
74,风电,非全量入市,绿电电量,2024-03-14,207.38,721.06,企业上报,2025-04-16 13:23:08,2025-04-16 13:23:08
75,储能,,绿电电量,2024-03-15,491.15,404.5,电网统计,2025-04-16 13:23:08,2025-04-16 13:23:08
76,光伏,非全量入市,常规电量,2024-03-16,346.01,327.82,电网统计,2025-04-16 13:23:08,2025-04-16 13:23:08
77,风电,非全量入市,常规电量,2024-03-17,234.59,534.76,企业上报,2025-04-16 13:23:08,2025-04-16 13:23:08
78,储能,,常规电量,2024-03-18,217.85,707.65,电网统计,2025-04-16 13:23:08,2025-04-16 13:23:08
79,风电,非全量入市,绿电电量,2024-03-19,548.53,922.27,电网统计,2025-04-16 13:23:08,2025-04-16 13:23:08
80,风电,非全量入市,绿电电量,2024-03-20,363.63,116.39,电网统计,2025-04-16 13:23:08,2025-04-16 13:23:08
81,光伏,非全量入市,常规电量,2024-03-21,426.98,536.52,电网统计,2025-04-16 13:23:08,2025-04-16 13:23:08
82,光伏,全量入市,常规电量,2024-03-22,632.94,740.07,电网统计,2025-04-16 13:23:08,2025-04-16 13:23:08
83,储能,,常规电量,2024-03-23,355.65,165.69,电网统计,2025-04-16 13:23:08,2025-04-16 13:23:08
84,光伏,非全量入市,常规电量,2024-03-24,221.39,446.6,电网统计,2025-04-16 13:23:08,2025-04-16 13:23:08
85,光伏,全量入市,绿电电量,2024-03-25,337.96,557.88,电网统计,2025-04-16 13:23:08,2025-04-16 13:23:08
86,光伏,全量入市,常规电量,2024-03-26,549.28,269.8,企业上报,2025-04-16 13:23:08,2025-04-16 13:23:08
87,风电,非全量入市,绿电电量,2024-03-27,773.42,123.68,电网统计,2025-04-16 13:23:08,2025-04-16 13:23:08
88,储能,,常规电量,2024-03-28,216.8,734.1,企业上报,2025-04-16 13:23:08,2025-04-16 13:23:08
89,储能,,绿电电量,2024-03-29,307.65,250.53,电网统计,2025-04-16 13:23:08,2025-04-16 13:23:08
90,风电,非全量入市,绿电电量,2024-03-30,474.31,192.08,企业上报,2025-04-16 13:23:08,2025-04-16 13:23:08
91,光伏,非全量入市,绿电电量,2024-03-31,667.96,826.98,企业上报,2025-04-16 13:23:08,2025-04-16 13:23:08
92,光伏,非全量入市,绿电电量,2024-04-01,407.73,333.04,企业上报,2025-04-16 13:23:08,2025-04-16 13:23:08
93,储能,,常规电量,2024-04-02,258.67,764.12,企业上报,2025-04-16 13:23:08,2025-04-16 13:23:08
94,风电,非全量入市,常规电量,2024-04-03,364.37,268.24,电网统计,2025-04-16 13:23:08,2025-04-16 13:23:08
95,光伏,全量入市,常规电量,2024-04-04,278.21,972.35,电网统计,2025-04-16 13:23:08,2025-04-16 13:23:08
96,光伏,非全量入市,常规电量,2024-04-05,621.05,863.23,电网统计,2025-04-16 13:23:08,2025-04-16 13:23:08
97,储能,,绿电电量,2024-04-06,625.45,111.88,电网统计,2025-04-16 13:23:08,2025-04-16 13:23:08
98,储能,,绿电电量,2024-04-07,430.71,191.99,企业上报,2025-04-16 13:23:08,2025-04-16 13:23:08
99,风电,全量入市,常规电量,2024-04-08,661.61,483.87,电网统计,2025-04-16 13:23:08,2025-04-16 13:23:08
100,储能,,常规电量,2024-04-09,484.59,524.91,电网统计,2025-04-16 13:23:08,2025-04-16 13:23:08
101,风电,非全量入市,绿电电量,2024-04-10,255.76,767.25,企业上报,2025-04-16 13:23:08,2025-04-16 13:23:08
102,储能,,常规电量,2024-04-11,770.39,744.64,企业上报,2025-04-16 13:23:08,2025-04-16 13:23:08
103,风电,非全量入市,常规电量,2024-04-12,398.82,404.43,电网统计,2025-04-16 13:23:08,2025-04-16 13:23:08
104,风电,非全量入市,常规电量,2024-04-13,599.34,543.47,企业上报,2025-04-16 13:23:08,2025-04-16 13:23:08
105,光伏,非全量入市,绿电电量,2024-04-14,206.45,466.66,电网统计,2025-04-16 13:23:08,2025-04-16 13:23:08
106,风电,非全量入市,绿电电量,2024-04-15,645.51,239.38,企业上报,2025-04-16 13:23:08,2025-04-16 13:23:08
107,光伏,非全量入市,绿电电量,2024-04-16,624.03,375.72,企业上报,2025-04-16 13:23:08,2025-04-16 13:23:08
108,储能,,常规电量,2024-04-17,378.44,246.72,企业上报,2025-04-16 13:23:08,2025-04-16 13:23:08
109,储能,,绿电电量,2024-04-18,347.39,802.94,企业上报,2025-04-16 13:23:08,2025-04-16 13:23:08
110,光伏,全量入市,常规电量,2024-04-19,204.78,947.18,企业上报,2025-04-16 13:23:08,2025-04-16 13:23:08
111,储能,,常规电量,2024-04-20,327.01,237.1,电网统计,2025-04-16 13:23:08,2025-04-16 13:23:08
112,风电,非全量入市,常规电量,2024-04-21,529.45,455.67,企业上报,2025-04-16 13:23:08,2025-04-16 13:23:08
113,风电,非全量入市,绿电电量,2024-04-22,713.97,684.19,电网统计,2025-04-16 13:23:08,2025-04-16 13:23:08
114,光伏,非全量入市,常规电量,2024-04-23,644.61,913.21,企业上报,2025-04-16 13:23:08,2025-04-16 13:23:08
115,风电,非全量入市,常规电量,2024-04-24,706.03,425.83,电网统计,2025-04-16 13:23:08,2025-04-16 13:23:08
116,储能,,常规电量,2024-04-25,204.62,237.29,企业上报,2025-04-16 13:23:08,2025-04-16 13:23:08
117,光伏,非全量入市,绿电电量,2024-04-26,273.71,661.72,企业上报,2025-04-16 13:23:08,2025-04-16 13:23:08
118,风电,非全量入市,绿电电量,2024-04-27,551.95,716.6,企业上报,2025-04-16 13:23:08,2025-04-16 13:23:08
119,风电,非全量入市,绿电电量,2024-04-28,748.79,226.15,电网统计,2025-04-16 13:23:08,2025-04-16 13:23:08
120,储能,,绿电电量,2024-04-29,666.34,641.05,企业上报,2025-04-16 13:23:08,2025-04-16 13:23:08
121,光伏,非全量入市,常规电量,2024-04-30,343.11,625.16,企业上报,2025-04-16 13:23:08,2025-04-16 13:23:08
122,光伏,全量入市,绿电电量,2024-05-01,512.75,700.23,企业上报,2025-04-16 13:23:08,2025-04-16 13:23:08
123,储能,,绿电电量,2024-05-02,769.19,723.46,电网统计,2025-04-16 13:23:08,2025-04-16 13:23:08
124,风电,全量入市,常规电量,2024-05-03,278.11,535.92,企业上报,2025-04-16 13:23:08,2025-04-16 13:23:08
125,风电,全量入市,常规电量,2024-05-04,728.26,198.19,电网统计,2025-04-16 13:23:08,2025-04-16 13:23:08
126,光伏,非全量入市,常规电量,2024-05-05,391.58,441.45,企业上报,2025-04-16 13:23:08,2025-04-16 13:23:08
127,风电,非全量入市,常规电量,2024-05-06,737.56,673.09,电网统计,2025-04-16 13:23:08,2025-04-16 13:23:08
128,风电,非全量入市,常规电量,2024-05-07,659.93,647.4,企业上报,2025-04-16 13:23:08,2025-04-16 13:23:08
129,储能,,绿电电量,2024-05-08,284.49,105.54,电网统计,2025-04-16 13:23:08,2025-04-16 13:23:08
130,光伏,全量入市,绿电电量,2024-05-09,611.13,707.5,电网统计,2025-04-16 13:23:08,2025-04-16 13:23:08
131,风电,非全量入市,常规电量,2024-05-10,730.03,564.09,电网统计,2025-04-16 13:23:08,2025-04-16 13:23:08
132,风电,全量入市,绿电电量,2024-05-11,576.3,467.11,电网统计,2025-04-16 13:23:08,2025-04-16 13:23:08
133,风电,非全量入市,绿电电量,2024-05-12,753.37,665.29,企业上报,2025-04-16 13:23:08,2025-04-16 13:23:08
134,风电,非全量入市,常规电量,2024-05-13,677.4,167.64,企业上报,2025-04-16 13:23:08,2025-04-16 13:23:08
135,光伏,非全量入市,常规电量,2024-05-14,420.42,355.36,电网统计,2025-04-16 13:23:08,2025-04-16 13:23:08
136,光伏,全量入市,绿电电量,2024-05-15,778.8,168.37,企业上报,2025-04-16 13:23:08,2025-04-16 13:23:08
137,风电,非全量入市,常规电量,2024-05-16,387.16,316.98,企业上报,2025-04-16 13:23:08,2025-04-16 13:23:08
138,光伏,非全量入市,常规电量,2024-05-17,505.66,288.66,电网统计,2025-04-16 13:23:08,2025-04-16 13:23:08
139,风电,非全量入市,常规电量,2024-05-18,257.89,612.07,电网统计,2025-04-16 13:23:08,2025-04-16 13:23:08
140,光伏,非全量入市,绿电电量,2024-05-19,429.8,767.36,企业上报,2025-04-16 13:23:08,2025-04-16 13:23:08
141,光伏,非全量入市,绿电电量,2024-05-20,590.12,743.18,电网统计,2025-04-16 13:23:08,2025-04-16 13:23:08
142,光伏,全量入市,绿电电量,2024-05-21,790.33,231.54,企业上报,2025-04-16 13:23:08,2025-04-16 13:23:08
143,储能,,绿电电量,2024-05-22,702.95,521.54,企业上报,2025-04-16 13:23:08,2025-04-16 13:23:08
144,光伏,非全量入市,绿电电量,2024-05-23,233.32,690.41,电网统计,2025-04-16 13:23:08,2025-04-16 13:23:08
145,光伏,非全量入市,常规电量,2024-05-24,765.32,646.79,电网统计,2025-04-16 13:23:08,2025-04-16 13:23:08
146,风电,非全量入市,常规电量,2024-05-25,309.73,696.55,电网统计,2025-04-16 13:23:08,2025-04-16 13:23:08
147,风电,非全量入市,常规电量,2024-05-26,241.32,373.14,电网统计,2025-04-16 13:23:08,2025-04-16 13:23:08
148,光伏,非全量入市,常规电量,2024-05-27,563.75,624.17,企业上报,2025-04-16 13:23:08,2025-04-16 13:23:08
149,储能,,绿电电量,2024-05-28,685.02,846.9,企业上报,2025-04-16 13:23:08,2025-04-16 13:23:08
150,光伏,非全量入市,常规电量,2024-05-29,289.64,281.71,企业上报,2025-04-16 13:23:08,2025-04-16 13:23:08
151,光伏,非全量入市,常规电量,2024-05-30,456.72,248.32,电网统计,2025-04-16 13:23:08,2025-04-16 13:23:08
152,风电,非全量入市,绿电电量,2024-05-31,418.05,556.68,电网统计,2025-04-16 13:23:08,2025-04-16 13:23:08
153,光伏,非全量入市,绿电电量,2024-06-01,546.86,971.68,电网统计,2025-04-16 13:23:08,2025-04-16 13:23:08
154,风电,非全量入市,常规电量,2024-06-02,475.27,531.79,企业上报,2025-04-16 13:23:08,2025-04-16 13:23:08
155,风电,非全量入市,常规电量,2024-06-03,614.76,408.98,电网统计,2025-04-16 13:23:08,2025-04-16 13:23:08
156,风电,全量入市,绿电电量,2024-06-04,608.36,366.45,企业上报,2025-04-16 13:23:08,2025-04-16 13:23:08
157,储能,,常规电量,2024-06-05,666.83,177.41,电网统计,2025-04-16 13:23:08,2025-04-16 13:23:08
158,储能,,常规电量,2024-06-06,688.6,539.32,电网统计,2025-04-16 13:23:08,2025-04-16 13:23:08
159,风电,全量入市,常规电量,2024-06-07,656.36,419.45,企业上报,2025-04-16 13:23:08,2025-04-16 13:23:08
160,储能,,绿电电量,2024-06-08,688.37,966.59,电网统计,2025-04-16 13:23:08,2025-04-16 13:23:08
161,光伏,非全量入市,绿电电量,2024-06-09,265.64,421.02,企业上报,2025-04-16 13:23:08,2025-04-16 13:23:08
162,光伏,全量入市,绿电电量,2024-06-10,227.99,221.53,企业上报,2025-04-16 13:23:08,2025-04-16 13:23:08
163,风电,全量入市,常规电量,2024-06-11,200.53,421.16,电网统计,2025-04-16 13:23:08,2025-04-16 13:23:08
164,风电,全量入市,常规电量,2024-06-12,719.55,148.52,电网统计,2025-04-16 13:23:08,2025-04-16 13:23:08
165,风电,非全量入市,绿电电量,2024-06-13,663.93,865.74,企业上报,2025-04-16 13:23:08,2025-04-16 13:23:08
166,光伏,非全量入市,常规电量,2024-06-14,282.79,604.67,电网统计,2025-04-16 13:23:08,2025-04-16 13:23:08
167,储能,,绿电电量,2024-06-15,367.9,569.14,企业上报,2025-04-16 13:23:08,2025-04-16 13:23:08
168,风电,全量入市,常规电量,2024-06-16,581.02,150.39,电网统计,2025-04-16 13:23:08,2025-04-16 13:23:08
169,风电,全量入市,绿电电量,2024-06-17,539.23,623.04,企业上报,2025-04-16 13:23:08,2025-04-16 13:23:08
170,储能,,绿电电量,2024-06-18,579.19,282.17,电网统计,2025-04-16 13:23:08,2025-04-16 13:23:08
171,光伏,非全量入市,常规电量,2024-06-19,579.04,512.89,企业上报,2025-04-16 13:23:08,2025-04-16 13:23:08
172,风电,全量入市,绿电电量,2024-06-20,427.35,220.77,电网统计,2025-04-16 13:23:08,2025-04-16 13:23:08
173,光伏,非全量入市,常规电量,2024-06-21,636.33,790.34,电网统计,2025-04-16 13:23:08,2025-04-16 13:23:08
174,储能,,绿电电量,2024-06-22,313.26,917.76,电网统计,2025-04-16 13:23:08,2025-04-16 13:23:08
175,风电,非全量入市,常规电量,2024-06-23,353.64,126.43,电网统计,2025-04-16 13:23:08,2025-04-16 13:23:08
176,风电,非全量入市,常规电量,2024-06-24,339.49,307.82,企业上报,2025-04-16 13:23:08,2025-04-16 13:23:08
177,风电,非全量入市,绿电电量,2024-06-25,630.37,474.28,企业上报,2025-04-16 13:23:08,2025-04-16 13:23:08
178,光伏,非全量入市,常规电量,2024-06-26,310.85,572.11,企业上报,2025-04-16 13:23:08,2025-04-16 13:23:08
179,光伏,非全量入市,绿电电量,2024-06-27,280.21,253.11,企业上报,2025-04-16 13:23:08,2025-04-16 13:23:08
180,风电,非全量入市,绿电电量,2024-06-28,232.35,240.17,电网统计,2025-04-16 13:23:08,2025-04-16 13:23:08
181,风电,全量入市,常规电量,2024-06-29,637.61,893.57,企业上报,2025-04-16 13:23:08,2025-04-16 13:23:08
182,光伏,非全量入市,绿电电量,2024-06-30,699.62,407.16,电网统计,2025-04-16 13:23:08,2025-04-16 13:23:08
183,风电,全量入市,常规电量,2024-07-01,341.22,311.86,电网统计,2025-04-16 13:23:08,2025-04-16 13:23:08
184,风电,全量入市,绿电电量,2024-07-02,402.41,526.69,企业上报,2025-04-16 13:23:08,2025-04-16 13:23:08
185,储能,,常规电量,2024-07-03,211.49,874.02,企业上报,2025-04-16 13:23:08,2025-04-16 13:23:08
186,风电,非全量入市,绿电电量,2024-07-04,395.67,237.54,电网统计,2025-04-16 13:23:08,2025-04-16 13:23:08
187,风电,全量入市,常规电量,2024-07-05,659.18,247.03,企业上报,2025-04-16 13:23:08,2025-04-16 13:23:08
188,储能,,常规电量,2024-07-06,429.78,217.02,电网统计,2025-04-16 13:23:08,2025-04-16 13:23:08
189,光伏,全量入市,常规电量,2024-07-07,621.18,519.11,企业上报,2025-04-16 13:23:08,2025-04-16 13:23:08
190,风电,非全量入市,绿电电量,2024-07-08,539.47,268.05,电网统计,2025-04-16 13:23:08,2025-04-16 13:23:08
191,储能,,常规电量,2024-07-09,436.19,749.69,电网统计,2025-04-16 13:23:08,2025-04-16 13:23:08
192,储能,,绿电电量,2024-07-10,432.62,522.58,电网统计,2025-04-16 13:23:08,2025-04-16 13:23:08
193,储能,,绿电电量,2024-07-11,663.85,518.59,电网统计,2025-04-16 13:23:08,2025-04-16 13:23:08
194,储能,,绿电电量,2024-07-12,318.22,726.58,企业上报,2025-04-16 13:23:08,2025-04-16 13:23:08
195,储能,,绿电电量,2024-07-13,579.16,427.85,企业上报,2025-04-16 13:23:08,2025-04-16 13:23:08
196,风电,非全量入市,绿电电量,2024-07-14,519.28,694.34,企业上报,2025-04-16 13:23:08,2025-04-16 13:23:08
197,储能,,常规电量,2024-07-15,764.46,708.46,电网统计,2025-04-16 13:23:08,2025-04-16 13:23:08
198,储能,,绿电电量,2024-07-16,725.33,431.66,电网统计,2025-04-16 13:23:08,2025-04-16 13:23:08
199,储能,,绿电电量,2024-07-17,667.96,421.41,电网统计,2025-04-16 13:23:08,2025-04-16 13:23:08
200,储能,,绿电电量,2024-07-18,321.23,757.59,电网统计,2025-04-16 13:23:08,2025-04-16 13:23:08
201,风电,非全量入市,绿电电量,2024-07-19,659.97,724.48,电网统计,2025-04-16 13:23:08,2025-04-16 13:23:08
202,风电,非全量入市,绿电电量,2024-07-20,419.38,125.04,企业上报,2025-04-16 13:23:08,2025-04-16 13:23:08
203,光伏,非全量入市,常规电量,2024-07-21,274.98,569.44,电网统计,2025-04-16 13:23:08,2025-04-16 13:23:08
204,光伏,全量入市,绿电电量,2024-07-22,624.37,964.77,企业上报,2025-04-16 13:23:08,2025-04-16 13:23:08
205,风电,非全量入市,常规电量,2024-07-23,209.88,384.26,企业上报,2025-04-16 13:23:08,2025-04-16 13:23:08
206,储能,,常规电量,2024-07-24,258.92,355.89,电网统计,2025-04-16 13:23:08,2025-04-16 13:23:08
207,光伏,非全量入市,绿电电量,2024-07-25,784.66,393.59,电网统计,2025-04-16 13:23:08,2025-04-16 13:23:08
208,储能,,绿电电量,2024-07-26,718.38,629.99,电网统计,2025-04-16 13:23:08,2025-04-16 13:23:08
209,风电,全量入市,常规电量,2024-07-27,754.02,964.6,企业上报,2025-04-16 13:23:08,2025-04-16 13:23:08
210,储能,,常规电量,2024-07-28,535.02,864.06,电网统计,2025-04-16 13:23:08,2025-04-16 13:23:08
211,风电,全量入市,绿电电量,2024-07-29,625.75,217.27,电网统计,2025-04-16 13:23:08,2025-04-16 13:23:08
212,光伏,全量入市,绿电电量,2024-07-30,657.68,441.92,企业上报,2025-04-16 13:23:08,2025-04-16 13:23:08
213,光伏,全量入市,常规电量,2024-07-31,421.47,482.0,电网统计,2025-04-16 13:23:08,2025-04-16 13:23:08
214,储能,,绿电电量,2024-08-01,767.67,831.98,企业上报,2025-04-16 13:23:08,2025-04-16 13:23:08
215,风电,非全量入市,常规电量,2024-08-02,411.22,589.69,电网统计,2025-04-16 13:23:08,2025-04-16 13:23:08
216,风电,全量入市,绿电电量,2024-08-03,661.33,904.44,电网统计,2025-04-16 13:23:08,2025-04-16 13:23:08
217,风电,非全量入市,常规电量,2024-08-04,781.84,456.64,电网统计,2025-04-16 13:23:08,2025-04-16 13:23:08
218,风电,非全量入市,绿电电量,2024-08-05,228.45,349.09,电网统计,2025-04-16 13:23:08,2025-04-16 13:23:08
219,光伏,非全量入市,绿电电量,2024-08-06,409.17,431.45,企业上报,2025-04-16 13:23:08,2025-04-16 13:23:08
220,光伏,全量入市,常规电量,2024-08-07,435.29,501.76,电网统计,2025-04-16 13:23:08,2025-04-16 13:23:08
221,风电,全量入市,常规电量,2024-08-08,216.31,879.92,电网统计,2025-04-16 13:23:08,2025-04-16 13:23:08
222,风电,非全量入市,常规电量,2024-08-09,407.26,457.49,企业上报,2025-04-16 13:23:08,2025-04-16 13:23:08
223,风电,全量入市,绿电电量,2024-08-10,596.92,390.78,企业上报,2025-04-16 13:23:08,2025-04-16 13:23:08
224,储能,,常规电量,2024-08-11,457.68,969.33,电网统计,2025-04-16 13:23:08,2025-04-16 13:23:08
225,光伏,非全量入市,绿电电量,2024-08-12,514.05,300.54,电网统计,2025-04-16 13:23:08,2025-04-16 13:23:08
226,光伏,全量入市,常规电量,2024-08-13,257.06,553.95,企业上报,2025-04-16 13:23:08,2025-04-16 13:23:08
227,风电,非全量入市,绿电电量,2024-08-14,452.31,296.91,企业上报,2025-04-16 13:23:08,2025-04-16 13:23:08
228,储能,,绿电电量,2024-08-15,207.06,919.1,企业上报,2025-04-16 13:23:08,2025-04-16 13:23:08
229,光伏,非全量入市,常规电量,2024-08-16,790.3,267.01,电网统计,2025-04-16 13:23:08,2025-04-16 13:23:08
230,光伏,非全量入市,常规电量,2024-08-17,627.43,204.61,电网统计,2025-04-16 13:23:08,2025-04-16 13:23:08
231,储能,,绿电电量,2024-08-18,298.8,847.68,电网统计,2025-04-16 13:23:08,2025-04-16 13:23:08
232,风电,全量入市,绿电电量,2024-08-19,545.25,771.75,电网统计,2025-04-16 13:23:08,2025-04-16 13:23:08
233,储能,,绿电电量,2024-08-20,588.45,151.84,企业上报,2025-04-16 13:23:08,2025-04-16 13:23:08
234,风电,非全量入市,常规电量,2024-08-21,386.85,257.47,企业上报,2025-04-16 13:23:08,2025-04-16 13:23:08
235,风电,非全量入市,绿电电量,2024-08-22,719.16,620.85,电网统计,2025-04-16 13:23:08,2025-04-16 13:23:08
236,光伏,非全量入市,常规电量,2024-08-23,792.9,542.82,企业上报,2025-04-16 13:23:08,2025-04-16 13:23:08
237,光伏,全量入市,绿电电量,2024-08-24,738.83,342.45,电网统计,2025-04-16 13:23:08,2025-04-16 13:23:08
238,储能,,常规电量,2024-08-25,280.71,209.18,电网统计,2025-04-16 13:23:08,2025-04-16 13:23:08
239,储能,,常规电量,2024-08-26,350.56,304.55,企业上报,2025-04-16 13:23:08,2025-04-16 13:23:08
240,储能,,常规电量,2024-08-27,285.3,172.51,企业上报,2025-04-16 13:23:08,2025-04-16 13:23:08
241,光伏,非全量入市,常规电量,2024-08-28,328.82,859.17,企业上报,2025-04-16 13:23:08,2025-04-16 13:23:08
242,光伏,非全量入市,常规电量,2024-08-29,690.98,690.17,电网统计,2025-04-16 13:23:08,2025-04-16 13:23:08
243,光伏,全量入市,常规电量,2024-08-30,254.06,835.97,企业上报,2025-04-16 13:23:08,2025-04-16 13:23:08
244,风电,非全量入市,常规电量,2024-08-31,328.92,172.13,企业上报,2025-04-16 13:23:08,2025-04-16 13:23:08
245,光伏,非全量入市,常规电量,2024-09-01,204.04,471.48,电网统计,2025-04-16 13:23:08,2025-04-16 13:23:08
246,储能,,常规电量,2024-09-02,618.7,924.16,电网统计,2025-04-16 13:23:08,2025-04-16 13:23:08
247,储能,,常规电量,2024-09-03,457.07,553.92,企业上报,2025-04-16 13:23:08,2025-04-16 13:23:08
248,储能,,绿电电量,2024-09-04,501.44,307.62,电网统计,2025-04-16 13:23:08,2025-04-16 13:23:08
249,光伏,全量入市,常规电量,2024-09-05,284.86,938.4,企业上报,2025-04-16 13:23:08,2025-04-16 13:23:08
250,风电,非全量入市,常规电量,2024-09-06,263.32,699.77,企业上报,2025-04-16 13:23:08,2025-04-16 13:23:08
251,储能,,常规电量,2024-09-07,766.28,330.54,企业上报,2025-04-16 13:23:08,2025-04-16 13:23:08
252,储能,,常规电量,2024-09-08,622.88,632.93,电网统计,2025-04-16 13:23:08,2025-04-16 13:23:08
253,储能,,常规电量,2024-09-09,626.1,924.54,企业上报,2025-04-16 13:23:08,2025-04-16 13:23:08
254,储能,,绿电电量,2024-09-10,595.95,840.78,企业上报,2025-04-16 13:23:08,2025-04-16 13:23:08
255,风电,非全量入市,常规电量,2024-09-11,355.53,675.07,企业上报,2025-04-16 13:23:08,2025-04-16 13:23:08
256,储能,,常规电量,2024-09-12,644.59,493.65,企业上报,2025-04-16 13:23:08,2025-04-16 13:23:08
257,光伏,非全量入市,常规电量,2024-09-13,556.69,331.02,电网统计,2025-04-16 13:23:08,2025-04-16 13:23:08
258,储能,,绿电电量,2024-09-14,578.84,230.63,电网统计,2025-04-16 13:23:08,2025-04-16 13:23:08
259,储能,,常规电量,2024-09-15,701.81,140.43,企业上报,2025-04-16 13:23:08,2025-04-16 13:23:08
260,光伏,全量入市,常规电量,2024-09-16,509.91,134.7,电网统计,2025-04-16 13:23:08,2025-04-16 13:23:08
261,光伏,非全量入市,绿电电量,2024-09-17,402.01,581.2,企业上报,2025-04-16 13:23:08,2025-04-16 13:23:08
262,风电,非全量入市,常规电量,2024-09-18,325.16,313.04,企业上报,2025-04-16 13:23:08,2025-04-16 13:23:08
263,风电,全量入市,常规电量,2024-09-19,466.82,774.6,电网统计,2025-04-16 13:23:08,2025-04-16 13:23:08
264,光伏,非全量入市,常规电量,2024-09-20,476.9,241.52,电网统计,2025-04-16 13:23:08,2025-04-16 13:23:08
265,光伏,全量入市,常规电量,2024-09-21,253.37,772.68,企业上报,2025-04-16 13:23:08,2025-04-16 13:23:08
266,光伏,非全量入市,常规电量,2024-09-22,676.25,968.51,企业上报,2025-04-16 13:23:08,2025-04-16 13:23:08
267,储能,,常规电量,2024-09-23,248.27,789.71,电网统计,2025-04-16 13:23:08,2025-04-16 13:23:08
268,储能,,绿电电量,2024-09-24,785.36,216.63,企业上报,2025-04-16 13:23:08,2025-04-16 13:23:08
269,储能,,常规电量,2024-09-25,318.29,522.38,电网统计,2025-04-16 13:23:08,2025-04-16 13:23:08
270,风电,全量入市,绿电电量,2024-09-26,487.68,758.74,企业上报,2025-04-16 13:23:08,2025-04-16 13:23:08
271,光伏,非全量入市,绿电电量,2024-09-27,360.55,429.48,企业上报,2025-04-16 13:23:08,2025-04-16 13:23:08
272,风电,全量入市,绿电电量,2024-09-28,354.44,802.55,企业上报,2025-04-16 13:23:08,2025-04-16 13:23:08
273,风电,非全量入市,绿电电量,2024-09-29,234.38,608.68,企业上报,2025-04-16 13:23:08,2025-04-16 13:23:08
274,风电,非全量入市,常规电量,2024-09-30,534.73,113.72,电网统计,2025-04-16 13:23:08,2025-04-16 13:23:08
275,光伏,非全量入市,绿电电量,2024-10-01,314.99,217.96,电网统计,2025-04-16 13:23:08,2025-04-16 13:23:08
276,储能,,绿电电量,2024-10-02,273.74,555.84,电网统计,2025-04-16 13:23:08,2025-04-16 13:23:08
277,光伏,全量入市,绿电电量,2024-10-03,396.1,486.03,电网统计,2025-04-16 13:23:08,2025-04-16 13:23:08
278,储能,,绿电电量,2024-10-04,584.77,582.15,电网统计,2025-04-16 13:23:08,2025-04-16 13:23:08
279,光伏,非全量入市,常规电量,2024-10-05,390.86,166.28,电网统计,2025-04-16 13:23:08,2025-04-16 13:23:08
280,储能,,常规电量,2024-10-06,557.66,188.69,电网统计,2025-04-16 13:23:08,2025-04-16 13:23:08
281,光伏,非全量入市,常规电量,2024-10-07,464.82,477.78,企业上报,2025-04-16 13:23:08,2025-04-16 13:23:08
282,光伏,全量入市,常规电量,2024-10-08,527.79,178.07,企业上报,2025-04-16 13:23:08,2025-04-16 13:23:08
283,风电,全量入市,绿电电量,2024-10-09,423.03,445.04,企业上报,2025-04-16 13:23:08,2025-04-16 13:23:08
284,风电,非全量入市,常规电量,2024-10-10,250.44,341.76,企业上报,2025-04-16 13:23:08,2025-04-16 13:23:08
285,风电,非全量入市,绿电电量,2024-10-11,450.24,650.78,电网统计,2025-04-16 13:23:08,2025-04-16 13:23:08
286,风电,非全量入市,绿电电量,2024-10-12,506.56,580.34,企业上报,2025-04-16 13:23:08,2025-04-16 13:23:08
287,光伏,全量入市,绿电电量,2024-10-13,339.06,470.74,企业上报,2025-04-16 13:23:08,2025-04-16 13:23:08
288,风电,非全量入市,常规电量,2024-10-14,753.41,593.69,企业上报,2025-04-16 13:23:08,2025-04-16 13:23:08
289,储能,,绿电电量,2024-10-15,679.58,236.25,企业上报,2025-04-16 13:23:08,2025-04-16 13:23:08
290,风电,全量入市,绿电电量,2024-10-16,610.1,580.07,企业上报,2025-04-16 13:23:08,2025-04-16 13:23:08
291,储能,,常规电量,2024-10-17,211.16,933.63,电网统计,2025-04-16 13:23:08,2025-04-16 13:23:08
292,储能,,常规电量,2024-10-18,488.17,763.54,企业上报,2025-04-16 13:23:08,2025-04-16 13:23:08
293,风电,非全量入市,常规电量,2024-10-19,241.79,761.96,电网统计,2025-04-16 13:23:08,2025-04-16 13:23:08
294,风电,非全量入市,绿电电量,2024-10-20,425.62,484.92,电网统计,2025-04-16 13:23:08,2025-04-16 13:23:08
295,光伏,非全量入市,绿电电量,2024-10-21,289.76,613.4,电网统计,2025-04-16 13:23:08,2025-04-16 13:23:08
296,光伏,全量入市,绿电电量,2024-10-22,568.47,689.31,企业上报,2025-04-16 13:23:08,2025-04-16 13:23:08
297,光伏,非全量入市,常规电量,2024-10-23,415.64,404.99,企业上报,2025-04-16 13:23:08,2025-04-16 13:23:08
298,风电,非全量入市,绿电电量,2024-10-24,733.24,463.1,电网统计,2025-04-16 13:23:08,2025-04-16 13:23:08
299,储能,,常规电量,2024-10-25,213.77,179.06,企业上报,2025-04-16 13:23:08,2025-04-16 13:23:08
300,风电,全量入市,常规电量,2024-10-26,780.48,967.55,企业上报,2025-04-16 13:23:08,2025-04-16 13:23:08
301,储能,,绿电电量,2024-10-27,325.56,354.14,企业上报,2025-04-16 13:23:08,2025-04-16 13:23:08
302,储能,,常规电量,2024-10-28,249.97,551.14,企业上报,2025-04-16 13:23:08,2025-04-16 13:23:08
303,光伏,全量入市,常规电量,2024-10-29,309.06,964.5,企业上报,2025-04-16 13:23:08,2025-04-16 13:23:08
304,风电,非全量入市,绿电电量,2024-10-30,647.65,544.47,电网统计,2025-04-16 13:23:08,2025-04-16 13:23:08
305,风电,非全量入市,常规电量,2024-10-31,275.68,262.0,电网统计,2025-04-16 13:23:08,2025-04-16 13:23:08
306,风电,非全量入市,绿电电量,2024-11-01,432.16,270.58,企业上报,2025-04-16 13:23:08,2025-04-16 13:23:08
307,光伏,全量入市,绿电电量,2024-11-02,277.03,712.9,电网统计,2025-04-16 13:23:08,2025-04-16 13:23:08
308,储能,,常规电量,2024-11-03,590.44,955.79,企业上报,2025-04-16 13:23:08,2025-04-16 13:23:08
309,风电,全量入市,常规电量,2024-11-04,664.29,328.0,电网统计,2025-04-16 13:23:08,2025-04-16 13:23:08
310,光伏,非全量入市,常规电量,2024-11-05,626.34,861.36,电网统计,2025-04-16 13:23:08,2025-04-16 13:23:08
311,储能,,常规电量,2024-11-06,567.94,426.52,电网统计,2025-04-16 13:23:08,2025-04-16 13:23:08
312,光伏,全量入市,常规电量,2024-11-07,387.88,664.38,电网统计,2025-04-16 13:23:08,2025-04-16 13:23:08
313,储能,,常规电量,2024-11-08,445.89,669.39,电网统计,2025-04-16 13:23:08,2025-04-16 13:23:08
314,光伏,非全量入市,常规电量,2024-11-09,545.13,986.05,电网统计,2025-04-16 13:23:08,2025-04-16 13:23:08
315,风电,全量入市,绿电电量,2024-11-10,527.32,134.45,电网统计,2025-04-16 13:23:08,2025-04-16 13:23:08
316,储能,,绿电电量,2024-11-11,413.74,109.42,电网统计,2025-04-16 13:23:08,2025-04-16 13:23:08
317,储能,,绿电电量,2024-11-12,582.28,696.66,电网统计,2025-04-16 13:23:08,2025-04-16 13:23:08
318,储能,,绿电电量,2024-11-13,433.64,346.08,电网统计,2025-04-16 13:23:08,2025-04-16 13:23:08
319,光伏,非全量入市,常规电量,2024-11-14,727.7,126.8,电网统计,2025-04-16 13:23:08,2025-04-16 13:23:08
320,储能,,常规电量,2024-11-15,724.24,309.58,企业上报,2025-04-16 13:23:08,2025-04-16 13:23:08
321,光伏,全量入市,常规电量,2024-11-16,407.46,254.75,企业上报,2025-04-16 13:23:08,2025-04-16 13:23:08
322,光伏,非全量入市,常规电量,2024-11-17,726.51,475.49,企业上报,2025-04-16 13:23:08,2025-04-16 13:23:08
323,风电,全量入市,绿电电量,2024-11-18,702.61,215.95,电网统计,2025-04-16 13:23:08,2025-04-16 13:23:08
324,风电,非全量入市,常规电量,2024-11-19,690.0,408.88,电网统计,2025-04-16 13:23:08,2025-04-16 13:23:08
325,风电,全量入市,常规电量,2024-11-20,590.16,733.61,企业上报,2025-04-16 13:23:08,2025-04-16 13:23:08
326,光伏,非全量入市,常规电量,2024-11-21,641.79,650.51,电网统计,2025-04-16 13:23:08,2025-04-16 13:23:08
327,储能,,常规电量,2024-11-22,439.54,649.86,电网统计,2025-04-16 13:23:08,2025-04-16 13:23:08
328,储能,,绿电电量,2024-11-23,583.28,864.46,企业上报,2025-04-16 13:23:08,2025-04-16 13:23:08
329,风电,全量入市,常规电量,2024-11-24,699.83,633.13,电网统计,2025-04-16 13:23:08,2025-04-16 13:23:08
330,储能,,绿电电量,2024-11-25,222.14,307.41,电网统计,2025-04-16 13:23:08,2025-04-16 13:23:08
331,风电,全量入市,常规电量,2024-11-26,249.7,273.41,电网统计,2025-04-16 13:23:08,2025-04-16 13:23:08
332,风电,全量入市,常规电量,2024-11-27,566.63,927.43,企业上报,2025-04-16 13:23:08,2025-04-16 13:23:08
333,储能,,绿电电量,2024-11-28,450.81,210.7,电网统计,2025-04-16 13:23:08,2025-04-16 13:23:08
334,风电,全量入市,常规电量,2024-11-29,311.93,838.55,电网统计,2025-04-16 13:23:08,2025-04-16 13:23:08
335,储能,,常规电量,2024-11-30,699.43,803.93,电网统计,2025-04-16 13:23:08,2025-04-16 13:23:08
336,储能,,绿电电量,2024-12-01,720.0,973.53,电网统计,2025-04-16 13:23:08,2025-04-16 13:23:08
337,储能,,常规电量,2024-12-02,285.98,899.82,企业上报,2025-04-16 13:23:08,2025-04-16 13:23:08
338,风电,全量入市,常规电量,2024-12-03,623.59,310.02,电网统计,2025-04-16 13:23:08,2025-04-16 13:23:08
339,光伏,非全量入市,绿电电量,2024-12-04,313.83,493.16,企业上报,2025-04-16 13:23:08,2025-04-16 13:23:08
340,储能,,常规电量,2024-12-05,614.54,722.9,企业上报,2025-04-16 13:23:08,2025-04-16 13:23:08
341,风电,非全量入市,绿电电量,2024-12-06,429.27,944.34,企业上报,2025-04-16 13:23:08,2025-04-16 13:23:08
342,储能,,绿电电量,2024-12-07,420.07,447.74,企业上报,2025-04-16 13:23:08,2025-04-16 13:23:08
343,储能,,绿电电量,2024-12-08,487.62,512.73,电网统计,2025-04-16 13:23:08,2025-04-16 13:23:08
344,风电,非全量入市,绿电电量,2024-12-09,702.95,610.25,电网统计,2025-04-16 13:23:08,2025-04-16 13:23:08
345,储能,,常规电量,2024-12-10,398.64,362.08,电网统计,2025-04-16 13:23:08,2025-04-16 13:23:08
346,光伏,全量入市,常规电量,2024-12-11,655.76,693.31,企业上报,2025-04-16 13:23:08,2025-04-16 13:23:08
347,光伏,非全量入市,常规电量,2024-12-12,252.39,360.7,企业上报,2025-04-16 13:23:08,2025-04-16 13:23:08
348,风电,全量入市,常规电量,2024-12-13,216.81,348.05,企业上报,2025-04-16 13:23:08,2025-04-16 13:23:08
349,储能,,常规电量,2024-12-14,554.76,458.3,企业上报,2025-04-16 13:23:08,2025-04-16 13:23:08
350,光伏,非全量入市,绿电电量,2024-12-15,552.77,977.47,电网统计,2025-04-16 13:23:08,2025-04-16 13:23:08
351,风电,非全量入市,常规电量,2024-12-16,448.09,370.81,企业上报,2025-04-16 13:23:08,2025-04-16 13:23:08
352,光伏,非全量入市,绿电电量,2024-12-17,603.9,294.73,电网统计,2025-04-16 13:23:08,2025-04-16 13:23:08
353,储能,,常规电量,2024-12-18,453.13,394.12,电网统计,2025-04-16 13:23:08,2025-04-16 13:23:08
354,风电,全量入市,常规电量,2024-12-19,697.99,871.84,电网统计,2025-04-16 13:23:08,2025-04-16 13:23:08
355,光伏,全量入市,绿电电量,2024-12-20,690.8,506.01,电网统计,2025-04-16 13:23:08,2025-04-16 13:23:08
356,光伏,非全量入市,绿电电量,2024-12-21,755.61,526.65,电网统计,2025-04-16 13:23:08,2025-04-16 13:23:08
357,储能,,绿电电量,2024-12-22,492.53,182.04,企业上报,2025-04-16 13:23:08,2025-04-16 13:23:08
358,光伏,全量入市,绿电电量,2024-12-23,234.02,333.55,电网统计,2025-04-16 13:23:08,2025-04-16 13:23:08
359,光伏,非全量入市,常规电量,2024-12-24,759.45,514.31,电网统计,2025-04-16 13:23:08,2025-04-16 13:23:08
360,储能,,绿电电量,2024-12-25,476.86,944.14,电网统计,2025-04-16 13:23:08,2025-04-16 13:23:08
361,储能,,常规电量,2024-12-26,559.88,665.95,企业上报,2025-04-16 13:23:08,2025-04-16 13:23:08
362,储能,,常规电量,2024-12-27,506.61,586.58,电网统计,2025-04-16 13:23:08,2025-04-16 13:23:08
363,储能,,常规电量,2024-12-28,709.48,687.17,电网统计,2025-04-16 13:23:08,2025-04-16 13:23:08
364,风电,全量入市,绿电电量,2024-12-29,760.28,919.9,电网统计,2025-04-16 13:23:08,2025-04-16 13:23:08
365,光伏,全量入市,常规电量,2024-12-30,610.66,437.63,电网统计,2025-04-16 13:23:08,2025-04-16 13:23:08
366,风电,全量入市,常规电量,2024-12-31,383.49,519.05,电网统计,2025-04-16 13:23:08,2025-04-16 13:23:08
367,光伏,全量入市,常规电量,2025-01-01,231.9,597.34,企业上报,2025-04-16 13:23:08,2025-04-16 13:23:08
368,光伏,全量入市,绿电电量,2025-01-02,328.87,934.91,电网统计,2025-04-16 13:23:08,2025-04-16 13:23:08
369,光伏,非全量入市,常规电量,2025-01-03,734.36,266.34,电网统计,2025-04-16 13:23:08,2025-04-16 13:23:08
370,储能,,绿电电量,2025-01-04,200.84,826.43,企业上报,2025-04-16 13:23:08,2025-04-16 13:23:08
371,储能,,绿电电量,2025-01-05,599.83,982.26,企业上报,2025-04-16 13:23:08,2025-04-16 13:23:08
372,储能,,常规电量,2025-01-06,693.58,442.95,企业上报,2025-04-16 13:23:08,2025-04-16 13:23:08
373,光伏,全量入市,常规电量,2025-01-07,575.3,608.47,电网统计,2025-04-16 13:23:08,2025-04-16 13:23:08
374,风电,非全量入市,常规电量,2025-01-08,696.78,138.4,企业上报,2025-04-16 13:23:08,2025-04-16 13:23:08
375,储能,,绿电电量,2025-01-09,683.11,475.46,电网统计,2025-04-16 13:23:08,2025-04-16 13:23:08
376,光伏,非全量入市,绿电电量,2025-01-10,592.63,743.25,电网统计,2025-04-16 13:23:08,2025-04-16 13:23:08
377,光伏,全量入市,绿电电量,2025-01-11,476.25,976.97,电网统计,2025-04-16 13:23:08,2025-04-16 13:23:08
378,光伏,全量入市,常规电量,2025-01-12,241.66,952.8,电网统计,2025-04-16 13:23:08,2025-04-16 13:23:08
379,储能,,绿电电量,2025-01-13,409.02,335.64,企业上报,2025-04-16 13:23:08,2025-04-16 13:23:08
380,光伏,非全量入市,绿电电量,2025-01-14,620.01,733.63,企业上报,2025-04-16 13:23:08,2025-04-16 13:23:08
381,风电,非全量入市,常规电量,2025-01-15,730.47,109.73,企业上报,2025-04-16 13:23:08,2025-04-16 13:23:08
382,储能,,绿电电量,2025-01-16,789.56,272.72,电网统计,2025-04-16 13:23:08,2025-04-16 13:23:08
383,储能,,绿电电量,2025-01-17,732.58,265.39,电网统计,2025-04-16 13:23:08,2025-04-16 13:23:08
384,储能,,绿电电量,2025-01-18,616.38,898.02,企业上报,2025-04-16 13:23:08,2025-04-16 13:23:08
385,光伏,全量入市,绿电电量,2025-01-19,265.31,667.44,企业上报,2025-04-16 13:23:08,2025-04-16 13:23:08
386,风电,全量入市,常规电量,2025-01-20,759.86,453.79,电网统计,2025-04-16 13:23:08,2025-04-16 13:23:08
387,风电,全量入市,绿电电量,2025-01-21,723.29,550.86,企业上报,2025-04-16 13:23:08,2025-04-16 13:23:08
388,风电,非全量入市,绿电电量,2025-01-22,406.04,261.72,企业上报,2025-04-16 13:23:08,2025-04-16 13:23:08
389,光伏,非全量入市,绿电电量,2025-01-23,604.3,194.72,电网统计,2025-04-16 13:23:08,2025-04-16 13:23:08
390,光伏,全量入市,常规电量,2025-01-24,313.92,531.01,企业上报,2025-04-16 13:23:08,2025-04-16 13:23:08
391,风电,非全量入市,绿电电量,2025-01-25,376.6,450.38,电网统计,2025-04-16 13:23:08,2025-04-16 13:23:08
392,储能,,常规电量,2025-01-26,444.99,669.5,企业上报,2025-04-16 13:23:08,2025-04-16 13:23:08
393,风电,非全量入市,常规电量,2025-01-27,202.74,915.12,企业上报,2025-04-16 13:23:08,2025-04-16 13:23:08
394,光伏,全量入市,常规电量,2025-01-28,579.64,233.05,电网统计,2025-04-16 13:23:08,2025-04-16 13:23:08
395,光伏,全量入市,绿电电量,2025-01-29,298.71,130.14,电网统计,2025-04-16 13:23:08,2025-04-16 13:23:08
396,风电,全量入市,常规电量,2025-01-30,645.26,710.39,电网统计,2025-04-16 13:23:08,2025-04-16 13:23:08
397,风电,全量入市,绿电电量,2025-01-31,654.74,326.08,企业上报,2025-04-16 13:23:08,2025-04-16 13:23:08
398,光伏,非全量入市,绿电电量,2025-02-01,682.3,741.81,企业上报,2025-04-16 13:23:08,2025-04-16 13:23:08
399,风电,全量入市,常规电量,2025-02-02,236.36,893.25,电网统计,2025-04-16 13:23:08,2025-04-16 13:23:08
400,储能,,常规电量,2025-02-03,646.95,287.52,企业上报,2025-04-16 13:23:08,2025-04-16 13:23:08
401,风电,全量入市,常规电量,2025-02-04,694.71,749.26,企业上报,2025-04-16 13:23:08,2025-04-16 13:23:08
402,光伏,非全量入市,常规电量,2025-02-05,325.66,807.47,企业上报,2025-04-16 13:23:08,2025-04-16 13:23:08
403,储能,,常规电量,2025-02-06,552.52,321.78,电网统计,2025-04-16 13:23:08,2025-04-16 13:23:08
404,储能,,常规电量,2025-02-07,298.16,333.42,企业上报,2025-04-16 13:23:08,2025-04-16 13:23:08
405,光伏,全量入市,绿电电量,2025-02-08,564.56,555.77,电网统计,2025-04-16 13:23:08,2025-04-16 13:23:08
406,风电,非全量入市,绿电电量,2025-02-09,269.87,905.09,企业上报,2025-04-16 13:23:08,2025-04-16 13:23:08
407,光伏,全量入市,常规电量,2025-02-10,320.81,116.55,企业上报,2025-04-16 13:23:08,2025-04-16 13:23:08
408,储能,,绿电电量,2025-02-11,584.68,686.13,企业上报,2025-04-16 13:23:08,2025-04-16 13:23:08
409,储能,,常规电量,2025-02-12,701.32,396.07,企业上报,2025-04-16 13:23:08,2025-04-16 13:23:08
410,光伏,非全量入市,常规电量,2025-02-13,784.74,772.53,电网统计,2025-04-16 13:23:08,2025-04-16 13:23:08
411,风电,非全量入市,绿电电量,2025-02-14,396.28,156.64,电网统计,2025-04-16 13:23:08,2025-04-16 13:23:08
412,风电,全量入市,绿电电量,2025-02-15,462.75,542.79,电网统计,2025-04-16 13:23:08,2025-04-16 13:23:08
413,光伏,非全量入市,常规电量,2025-02-16,515.55,513.06,电网统计,2025-04-16 13:23:08,2025-04-16 13:23:08
414,储能,,常规电量,2025-02-17,515.4,954.64,电网统计,2025-04-16 13:23:08,2025-04-16 13:23:08
415,储能,,常规电量,2025-02-18,544.44,862.35,企业上报,2025-04-16 13:23:08,2025-04-16 13:23:08
416,光伏,全量入市,绿电电量,2025-02-19,525.93,909.84,企业上报,2025-04-16 13:23:08,2025-04-16 13:23:08
417,光伏,全量入市,常规电量,2025-02-20,665.16,571.78,电网统计,2025-04-16 13:23:08,2025-04-16 13:23:08
418,储能,,绿电电量,2025-02-21,289.18,156.0,电网统计,2025-04-16 13:23:08,2025-04-16 13:23:08
419,储能,,常规电量,2025-02-22,549.59,857.73,电网统计,2025-04-16 13:23:08,2025-04-16 13:23:08
420,光伏,非全量入市,常规电量,2025-02-23,338.67,696.22,企业上报,2025-04-16 13:23:08,2025-04-16 13:23:08
421,储能,,绿电电量,2025-02-24,786.68,167.11,企业上报,2025-04-16 13:23:08,2025-04-16 13:23:08
422,风电,非全量入市,常规电量,2025-02-25,710.98,718.27,企业上报,2025-04-16 13:23:08,2025-04-16 13:23:08
423,风电,非全量入市,绿电电量,2025-02-26,388.69,957.9,企业上报,2025-04-16 13:23:08,2025-04-16 13:23:08
424,储能,,常规电量,2025-02-27,731.44,754.26,电网统计,2025-04-16 13:23:08,2025-04-16 13:23:08
425,光伏,全量入市,常规电量,2025-02-28,280.9,172.02,电网统计,2025-04-16 13:23:08,2025-04-16 13:23:08
426,风电,非全量入市,绿电电量,2025-03-01,738.69,678.66,企业上报,2025-04-16 13:23:08,2025-04-16 13:23:08
427,风电,全量入市,绿电电量,2025-03-02,209.02,344.83,企业上报,2025-04-16 13:23:08,2025-04-16 13:23:08
428,光伏,非全量入市,常规电量,2025-03-03,784.46,840.71,电网统计,2025-04-16 13:23:08,2025-04-16 13:23:08
429,光伏,非全量入市,常规电量,2025-03-04,503.96,347.03,电网统计,2025-04-16 13:23:08,2025-04-16 13:23:08
430,光伏,非全量入市,常规电量,2025-03-05,539.47,199.68,电网统计,2025-04-16 13:23:08,2025-04-16 13:23:08
431,储能,,常规电量,2025-03-06,341.31,166.8,电网统计,2025-04-16 13:23:08,2025-04-16 13:23:08
432,风电,全量入市,常规电量,2025-03-07,471.81,285.34,电网统计,2025-04-16 13:23:08,2025-04-16 13:23:08
433,风电,全量入市,绿电电量,2025-03-08,531.99,170.63,电网统计,2025-04-16 13:23:08,2025-04-16 13:23:08
434,风电,非全量入市,常规电量,2025-03-09,255.55,801.84,电网统计,2025-04-16 13:23:08,2025-04-16 13:23:08
435,光伏,全量入市,绿电电量,2025-03-10,701.57,461.12,电网统计,2025-04-16 13:23:08,2025-04-16 13:23:08
436,风电,全量入市,绿电电量,2025-03-11,654.4,647.45,企业上报,2025-04-16 13:23:08,2025-04-16 13:23:08
437,储能,,常规电量,2025-03-12,787.71,389.6,电网统计,2025-04-16 13:23:08,2025-04-16 13:23:08
438,光伏,全量入市,绿电电量,2025-03-13,652.73,435.64,电网统计,2025-04-16 13:23:08,2025-04-16 13:23:08
439,光伏,非全量入市,绿电电量,2025-03-14,391.66,407.67,电网统计,2025-04-16 13:23:08,2025-04-16 13:23:08
440,风电,非全量入市,常规电量,2025-03-15,308.88,567.6,企业上报,2025-04-16 13:23:08,2025-04-16 13:23:08
441,风电,全量入市,常规电量,2025-03-16,423.57,589.76,企业上报,2025-04-16 13:23:08,2025-04-16 13:23:08
442,储能,,常规电量,2025-03-17,515.18,852.73,电网统计,2025-04-16 13:23:08,2025-04-16 13:23:08
443,储能,,常规电量,2025-03-18,539.08,177.56,电网统计,2025-04-16 13:23:08,2025-04-16 13:23:08
444,风电,全量入市,绿电电量,2025-03-19,248.27,843.59,电网统计,2025-04-16 13:23:08,2025-04-16 13:23:08
445,风电,非全量入市,绿电电量,2025-03-20,709.08,962.88,企业上报,2025-04-16 13:23:08,2025-04-16 13:23:08
446,储能,,常规电量,2025-03-21,610.09,820.02,电网统计,2025-04-16 13:23:08,2025-04-16 13:23:08
447,储能,,常规电量,2025-03-22,238.44,187.83,企业上报,2025-04-16 13:23:08,2025-04-16 13:23:08
448,储能,,常规电量,2025-03-23,612.77,508.22,企业上报,2025-04-16 13:23:08,2025-04-16 13:23:08
449,光伏,全量入市,常规电量,2025-03-24,432.84,696.59,企业上报,2025-04-16 13:23:08,2025-04-16 13:23:08
450,风电,全量入市,绿电电量,2025-03-25,656.12,833.9,电网统计,2025-04-16 13:23:08,2025-04-16 13:23:08
451,储能,,绿电电量,2025-03-26,784.39,542.95,企业上报,2025-04-16 13:23:08,2025-04-16 13:23:08
452,光伏,全量入市,绿电电量,2025-03-27,720.74,810.85,企业上报,2025-04-16 13:23:08,2025-04-16 13:23:08
453,储能,,常规电量,2025-03-28,682.31,947.36,企业上报,2025-04-16 13:23:08,2025-04-16 13:23:08
454,风电,全量入市,常规电量,2025-03-29,683.25,713.21,企业上报,2025-04-16 13:23:08,2025-04-16 13:23:08
455,风电,全量入市,常规电量,2025-03-30,414.77,562.28,电网统计,2025-04-16 13:23:08,2025-04-16 13:23:08
456,储能,,绿电电量,2025-03-31,426.35,946.65,企业上报,2025-04-16 13:23:08,2025-04-16 13:23:08
457,光伏,全量入市,绿电电量,2025-04-01,237.82,142.45,企业上报,2025-04-16 13:23:08,2025-04-16 13:23:08
458,光伏,非全量入市,绿电电量,2025-04-02,586.31,681.84,电网统计,2025-04-16 13:23:08,2025-04-16 13:23:08
459,光伏,全量入市,绿电电量,2025-04-03,357.27,846.52,电网统计,2025-04-16 13:23:08,2025-04-16 13:23:08
460,光伏,全量入市,绿电电量,2025-04-04,215.42,775.35,企业上报,2025-04-16 13:23:08,2025-04-16 13:23:08
461,风电,全量入市,常规电量,2025-04-05,309.41,552.97,企业上报,2025-04-16 13:23:08,2025-04-16 13:23:08
462,风电,非全量入市,常规电量,2025-04-06,493.96,224.84,企业上报,2025-04-16 13:23:08,2025-04-16 13:23:08
463,光伏,非全量入市,常规电量,2025-04-07,290.46,119.99,电网统计,2025-04-16 13:23:08,2025-04-16 13:23:08
464,储能,,常规电量,2025-04-08,519.83,575.26,企业上报,2025-04-16 13:23:08,2025-04-16 13:23:08
465,风电,非全量入市,常规电量,2025-04-09,558.53,369.59,电网统计,2025-04-16 13:23:08,2025-04-16 13:23:08
466,储能,,绿电电量,2025-04-10,709.9,987.67,电网统计,2025-04-16 13:23:08,2025-04-16 13:23:08
467,光伏,非全量入市,常规电量,2025-04-11,504.14,234.5,企业上报,2025-04-16 13:23:08,2025-04-16 13:23:08
468,储能,,常规电量,2025-04-12,379.31,330.28,电网统计,2025-04-16 13:23:08,2025-04-16 13:23:08
469,储能,,常规电量,2025-04-13,445.32,514.68,电网统计,2025-04-16 13:23:08,2025-04-16 13:23:08
470,储能,,常规电量,2025-04-14,732.89,817.19,电网统计,2025-04-16 13:23:08,2025-04-16 13:23:08
471,储能,,绿电电量,2025-04-15,731.32,240.68,电网统计,2025-04-16 13:23:08,2025-04-16 13:23:08
472,储能,,绿电电量,2025-04-16,590.98,706.25,电网统计,2025-04-16 13:23:08,2025-04-16 13:23:08
